seq_len,train_size,num_features,num_causes,num_layers,hidden_dim,generation_mode,y_is_effect,in_clique,sort_features,first_nonlinearity,per_layer_activation,noise_std,init_std,sampling,difficulty_pmse
256,0.5,10,10,2,16,head,True,False,True,relu,False,0.03,1.2,uniform,0.17181792772332777
256,0.5,10,10,2,64,head,True,True,False,tanh,True,0.005,1.2,uniform,0.24367908055032644
256,0.5,10,10,2,64,roots,True,False,True,gelu,False,0.005,0.5,normal,0.4321718777529675
256,0.5,10,10,5,16,head,True,False,False,relu,False,0.005,0.5,uniform,0.06489405515228022
256,0.5,10,10,5,16,head,True,False,False,relu,False,0.03,0.5,normal,0.09800834312520539
256,0.5,10,10,5,16,head,True,False,True,relu,True,0.03,0.5,uniform,0.0246549213540572
256,0.5,10,10,5,64,roots,False,False,False,tanh,True,0.03,1.2,uniform,0.5547356487910952
256,0.5,10,20,2,64,causal,False,True,True,relu,True,0.03,1.2,uniform,0.5167777409364469
256,0.5,10,20,2,64,causal,True,True,False,relu,True,0.03,0.5,normal,0.7272939414436776
256,0.5,10,20,5,16,causal,True,True,False,tanh,False,0.005,1.2,uniform,0.27058006185921496
256,0.5,10,20,5,16,head,True,True,True,gelu,True,0.005,1.2,uniform,0.11613798929686243
256,0.5,20,10,2,16,head,False,False,True,relu,False,0.005,0.5,uniform,0.08693111084393318
256,0.5,20,10,2,16,head,False,False,True,tanh,False,0.03,1.2,normal,0.11541365842134632
256,0.5,20,10,2,16,head,True,False,False,tanh,True,0.005,1.2,normal,0.09757976531294449
256,0.5,20,10,2,64,causal,False,False,True,gelu,True,0.03,1.2,uniform,0.2372664182920675
256,0.5,20,10,2,64,causal,False,True,False,gelu,True,0.03,1.2,uniform,0.22473866023685027
256,0.5,20,10,5,16,causal,False,False,True,gelu,True,0.005,0.5,uniform,0.25941871688014867
256,0.5,20,10,5,16,causal,False,True,True,relu,False,0.03,1.2,uniform,0.14539186005750487
256,0.5,20,10,5,64,causal,False,True,True,gelu,False,0.03,0.5,normal,0.24772226944230508
256,0.5,20,20,2,64,causal,False,True,True,tanh,False,0.005,0.5,normal,0.399602569366213
256,0.5,20,20,2,64,causal,True,False,True,gelu,True,0.005,0.5,uniform,0.37622719150582273
256,0.5,20,20,2,64,head,False,True,False,relu,True,0.005,1.2,normal,0.5799636981648759
256,0.5,20,20,2,64,head,False,True,True,tanh,True,0.005,1.2,normal,0.4589867762092497
256,0.5,20,20,2,64,roots,False,False,True,tanh,True,0.03,0.5,normal,0.43896922225334933
256,0.5,20,20,5,16,roots,False,False,False,gelu,True,0.005,0.5,uniform,0.4901432491412732
256,0.5,20,20,5,16,roots,True,False,True,tanh,False,0.03,0.5,normal,0.604129449071875
256,0.5,20,20,5,64,head,True,True,True,relu,True,0.03,0.5,uniform,0.3848979548765158
256,0.5,20,20,5,64,roots,False,False,True,tanh,True,0.03,1.2,normal,0.7430632683217472
256,0.5,20,20,5,64,roots,False,True,False,relu,True,0.03,0.5,normal,0.8362150017941659
256,0.5,20,20,5,64,roots,True,True,False,gelu,False,0.03,1.2,uniform,0.3375635435442749
256,0.7,10,10,2,64,head,False,True,False,relu,True,0.005,0.5,uniform,0.201361388191659
256,0.7,10,10,2,64,head,False,True,True,gelu,True,0.005,1.2,uniform,0.43625953110489674
256,0.7,10,10,2,64,head,True,False,True,relu,False,0.005,1.2,normal,0.41358969623234965
256,0.7,10,10,2,64,roots,True,True,True,tanh,False,0.005,0.5,normal,0.312655707789876
256,0.7,10,10,5,16,causal,True,True,True,tanh,True,0.03,1.2,normal,0.1742223885885797
256,0.7,10,10,5,64,causal,True,False,False,tanh,False,0.03,0.5,normal,0.6490030858539786
256,0.7,10,10,5,64,causal,True,False,True,relu,False,0.03,0.5,uniform,0.587524247638572
256,0.7,10,10,5,64,causal,True,True,True,gelu,False,0.005,0.5,uniform,0.30692667704047716
256,0.7,10,10,5,64,head,False,True,True,relu,True,0.005,1.2,uniform,0.21794944344299244
256,0.7,10,10,5,64,roots,True,False,False,relu,False,0.005,1.2,uniform,0.38303034377134965
256,0.7,10,20,2,16,causal,False,True,False,relu,False,0.03,1.2,uniform,0.23077924284556345
256,0.7,10,20,2,64,causal,False,True,True,gelu,True,0.005,1.2,uniform,0.4147368246707786
256,0.7,10,20,2,64,head,True,True,False,relu,True,0.005,1.2,uniform,0.5083247373572948
256,0.7,10,20,5,16,causal,False,True,True,tanh,True,0.005,0.5,uniform,0.5611298536051319
256,0.7,10,20,5,16,causal,True,False,True,tanh,True,0.03,1.2,uniform,0.3320398744719545
256,0.7,10,20,5,64,causal,True,True,True,gelu,False,0.005,0.5,normal,0.43902122469944194
256,0.7,20,10,2,64,head,True,True,True,relu,False,0.03,1.2,uniform,0.21254217151111496
256,0.7,20,10,5,16,causal,False,False,False,tanh,False,0.005,1.2,normal,0.40232994534214667
256,0.7,20,10,5,16,head,False,False,True,tanh,False,0.005,0.5,normal,0.10007341581787167
256,0.7,20,10,5,16,head,True,False,False,relu,False,0.03,0.5,uniform,0.03505024378636759
256,0.7,20,10,5,64,head,True,False,True,tanh,False,0.005,0.5,uniform,0.38680456221174436
256,0.7,20,10,5,64,head,True,True,True,relu,True,0.005,0.5,normal,0.5196926606264543
256,0.7,20,20,2,16,causal,False,False,False,gelu,False,0.005,1.2,normal,0.2512818597468534
256,0.7,20,20,2,16,roots,False,True,False,gelu,True,0.005,1.2,uniform,0.23922026754623818
256,0.7,20,20,2,64,causal,False,False,False,tanh,False,0.005,0.5,uniform,0.3663087371986384
256,0.7,20,20,5,16,causal,True,True,False,tanh,True,0.005,1.2,normal,0.07862444985835801
256,0.7,20,20,5,64,causal,False,False,True,gelu,False,0.03,0.5,normal,0.5769909717103945
512,0.5,10,10,2,64,head,True,True,True,relu,True,0.03,1.2,uniform,0.3236520525724614
512,0.5,10,10,2,64,roots,True,False,False,gelu,True,0.005,0.5,normal,0.21981131700824003
512,0.5,10,10,5,16,roots,False,True,False,gelu,True,0.005,0.5,normal,0.39067794979803044
512,0.5,10,10,5,64,causal,True,True,False,gelu,True,0.03,0.5,normal,0.6739198770771179
512,0.5,10,10,5,64,causal,True,True,True,relu,True,0.005,1.2,uniform,0.3604742619932603
512,0.5,10,10,5,64,causal,True,True,True,relu,True,0.03,0.5,normal,0.6475283459771134
512,0.5,10,20,2,64,causal,True,False,True,tanh,True,0.005,0.5,normal,0.8480435084316087
512,0.5,10,20,2,64,causal,True,True,True,gelu,False,0.03,0.5,uniform,0.5649737276982387
512,0.5,10,20,2,64,head,False,False,True,gelu,False,0.005,1.2,normal,0.5559015653979684
512,0.5,10,20,5,64,causal,False,False,False,relu,False,0.03,0.5,normal,0.9392301740663784
512,0.5,10,20,5,64,causal,False,True,True,relu,False,0.03,0.5,uniform,0.43706288745030447
512,0.5,10,20,5,64,head,False,True,True,gelu,True,0.005,0.5,normal,0.45278243493712184
512,0.5,20,10,2,16,causal,True,False,False,relu,True,0.005,1.2,uniform,0.14382834355111349
512,0.5,20,10,2,64,causal,True,False,False,gelu,True,0.03,1.2,normal,0.30652776004377785
512,0.5,20,10,2,64,head,True,True,True,gelu,False,0.005,0.5,uniform,0.09959547953447422
512,0.5,20,10,5,16,causal,True,False,False,relu,False,0.03,0.5,uniform,0.06853595283916145
512,0.5,20,10,5,16,causal,True,True,True,relu,True,0.005,0.5,normal,0.07377231239635196
512,0.5,20,10,5,64,head,True,False,True,tanh,False,0.03,1.2,normal,0.37478651045508177
512,0.5,20,20,2,16,head,False,False,True,tanh,False,0.005,1.2,uniform,0.09299498849918551
512,0.5,20,20,2,64,roots,False,True,False,relu,True,0.005,0.5,uniform,0.3192424588953307
512,0.5,20,20,5,16,head,True,True,True,gelu,False,0.03,0.5,uniform,0.01800830350431528
512,0.5,20,20,5,64,head,True,True,False,relu,True,0.03,1.2,uniform,0.2882319228738591
512,0.5,20,20,5,64,head,True,True,True,gelu,True,0.005,1.2,normal,0.3847230420445871
512,0.5,20,20,5,64,roots,True,False,False,relu,True,0.03,1.2,normal,0.8403568642102006
512,0.7,10,10,2,16,causal,True,True,False,gelu,True,0.03,0.5,normal,0.3000425286693714
512,0.7,10,10,2,64,head,False,True,True,relu,True,0.005,0.5,uniform,0.3851891727492948
512,0.7,10,10,2,64,roots,True,True,False,relu,False,0.005,1.2,uniform,0.20040099653905438
512,0.7,10,10,5,16,causal,True,True,False,relu,True,0.005,0.5,normal,0.12443789989754217
512,0.7,10,10,5,16,roots,True,False,True,tanh,False,0.03,0.5,uniform,0.3387339883046061
512,0.7,10,10,5,64,head,False,False,True,tanh,True,0.03,1.2,uniform,0.44668751236300497
512,0.7,10,10,5,64,head,False,True,True,tanh,True,0.005,0.5,normal,0.335416135066513
512,0.7,10,20,2,16,causal,False,False,True,tanh,True,0.03,1.2,uniform,0.1764056297993406
512,0.7,10,20,2,16,head,True,True,True,tanh,True,0.005,0.5,uniform,0.06641667698955496
512,0.7,10,20,2,64,causal,False,True,False,relu,False,0.005,1.2,normal,0.7429922511408689
512,0.7,10,20,5,64,head,False,False,True,relu,False,0.005,1.2,uniform,0.4558492461394311
512,0.7,20,20,2,16,causal,False,True,True,tanh,False,0.005,0.5,normal,0.22417149916828782
512,0.7,20,20,2,64,head,False,True,True,relu,True,0.005,1.2,uniform,0.27364969253985016
512,0.7,20,20,5,16,roots,True,False,True,tanh,True,0.005,0.5,uniform,0.5055538880274218
512,0.7,20,20,5,64,causal,True,False,False,relu,True,0.005,1.2,normal,0.3313641730484742
